Country,Region,Area (sq. km.),Population,Population growth (%),Pop. density (per sq. km.),Literacy rate (%),Life expectancy (years),Birth rate (per 1000),Death rate  (per 1000),Infant mortality (per 1000 births),Urban population (% of total population),Rural population (% of total population),"Unemployment, total (% of total labor)",Phones (per 100 people),Internet Users (% population),Access to electricity (% of population),Forest area (% of land area),Agricultural land (% of land area),Inflation (annual %),Women Seats In Parliament (%),Political Stability And Absence Of Violence/Terrorism(%),Human Capital Index,Net migration,Govt. Debt (% of GDP),Military expenditure (% of GDP),Education expenditure (% of GDP),Health expenditure (% of GDP),Agriculture contribution (% of GDP),Industry contribution (% of GDP),Service contribution (% of GDP),Remittances (% of GDP),GDP (current US$),GDP per capita (current US$),GDP growth (annual %)
Aruba,Latin America & Caribbean,180,106537,-0.04504462,592.138889,97.99,75.723,8.102,9.69,12.925,43.866,56.134,8.8,132.2888,97.2,100,2.33333333,11.11111111,4.2575,26.1,100,0.69,501,104,0,0.2185,10.89064,0.7,33.3,66,1.1508449,3126019399,29342.1009,17.17250851
Afghanistan,South Asia,652230,40099462,2.851357654,59.7522806,37.26604,62.575,36.051,7.113,45,26.314,73.686,13.283,58.19021,18.4,97.69999695,1.85278199,58.80747589,9.1,27.016129,3.3,0.36240539,-183672,9.8,1.35885693,2.86085939,13.2422018,33.484499,15.589008,46.5051137,3.91649605,14786861638,368.754614,-20.7371456
Angola,Sub-Saharan Africa,1246700,34503774,3.166029862,26.8135766,72.28,62.261,39.271,7.821,48.3,67.46,32.54,8.52999973,44.42373,36,46.89060974,53.4269512,45.68259405,25.75426565,29.5454545,33.49,0.36,29089,118.7,1.13205982,2.4152,2.53335953,7.94415949,44.1161601,46.4545233,0.01873939,67404287260,1953.53376,1.1
Albania,Europe & Central Asia,27400,2811666,-0.92691806,103.571131,98.45,76.989,10.285,10.785,8.8,62.969,37.031,11.8190002,92.31992,79.32372,100,28.7919708,42.53850365,2.041471631,35.7142857,59.91,0.6730119,-10612,84.05861908,1.41563593,3.0999999,6.10934,17.6640593,21.8236782,47.7127386,9.41247019,18255787479,6492.87201,8.515501123
Andorra,Europe & Central Asia,470,79034,1.702288225,165.319149,100,83.5,6.91,7.86,2.4,87.858,12.142,3.1,120.9781,91.6,100,34.0425532,39.82978723,2.1,46.4285714,100,0.60214472,1377,40.6,0.2,2.88000011,6.71158504,0.6,4.5,94.9,0.5,3330281524,42137.3273,8.949417981
United Arab Emirates,Middle East & North Africa,71020,9365145,0.834812788,130.770051,98.12636,78.946,10.62,1.766,5.6,87.299,12.701,3.35800004,197.8439,100,100,4.46775556,5.488594762,3.61,50,86.32,0.68,-2762,16.6,4.6,3.87986994,4.27504921,0.91402594,47.4834808,51.6024933,2.5,4.15022E+11,44315.5542,3.91629608
Argentina,Latin America & Caribbean,2736690,45808747,0.947490959,16.5808926,0.9951,75.892,14.125,8.509,7.6,92.229,7.771,10.9020004,130.455,87.14829,100,10.4407149,39.60322861,2.99,44.7470817,54.72,0.5957039,2344,96.5,0.565318,5.01604986,9.5100708,7.13154105,23.579473,52.5050667,0.18709779,4.87227E+11,10636.1202,10.39824946
Armenia,Europe & Central Asia,28470,2790974,-0.52296324,98.5461187,99.78861,72.173,12.455,12.792,9.7,63.431,36.569,20.8969994,128.9614,76.5077,100,11.5374078,58.8689849,7.184836294,33.6448598,30.66,0.77023953,-12825,63.40121401,4.44012109,2.77138996,11.3352642,11.3374775,26.6414047,52.7957439,11.6162184,13861409969,4966.51347,5.7
American Samoa,East Asia & Pacific,200,45035,-2.53017093,230.945,99.1,72.77,12.7,5.6,12.38,87.169,12.831,9.84,14.11,40.3,100,85.65,20.05,0.9005,0,98.11,0.74673975,-1646,15.6,18.1,9.1,8.21208,25.3,22.8,51.9,2.4,709000000,15743.3108,-1.86625194
Antigua and Barbuda,Latin America & Caribbean,440,93219,0.597151595,210.6,98.95,78.841,12.16,5.961,5.4,24.38,75.62,11,198.5669,76,100,18.4545455,20.45454545,2.062996385,11.1111111,96.23,0.57776755,0,69.2,0,3.83625007,4.44295979,2.16286845,21.8890041,64.4923012,3.40841172,1471125926,15781.3957,5.27084884
Australia,East Asia & Pacific,7692020,25688079,0.127728296,3.33531231,99,83.2,11.5,6.3,3.1,86.362,13.638,5.11199999,106.9417,89.6,100,17.4213146,46.25247984,2.863910422,31.1258278,93.87,0.38617063,117929,69.41379793,1.97842253,6.0999999,9.91078568,2.30660266,25.5235123,65.6511501,0.05939971,1.55267E+12,60443.1092,2.236212439
Austria,Europe & Central Asia,82520,8955797,0.435671684,108.057004,98,81.1926829,9.4,10.3,3,58.995,41.005,6.30100012,121.9695,92.52915,100,47.2509695,32.07416384,2.766666667,40.4371585,95.28,0.76041967,20314,99.91308581,0.80212167,5.07000017,10.4340315,1.21218912,25.8339686,62.4139111,0.65929574,4.80368E+11,53637.7057,4.556850913
Azerbaijan,Europe & Central Asia,82646,10137750,0.441197736,122.124737,0.998,66.868,12.5,7.5,17.3,56.776,43.224,6.58300018,104.8878,84.6,100,13.6941897,57.83824989,6.650299127,18.1818182,30.19,0.40029073,1084,35.2,5.27005901,4.33204985,4.03829002,5.87662628,48.4273248,37.6272512,2.79490145,54622176471,5387.99797,5.600037273
Burundi,Sub-Saharan Africa,25680,12551213,2.672478462,475.865537,74.71,61.566,35.603,7.562,38.6,14.058,85.942,1.79200006,61.67128,14.6,11.73555565,10.8894081,79.16666667,8.404538451,38.2113821,16.51,0.38369194,-14415,55.4,1.92280185,5.04097986,7.99091434,28.66022,10.59939,44.80546,3.3,2779813489,221.477676,1.7953
Belgium,Europe & Central Asia,30280,11592952,0.469904402,381.06354,99,80.795122,9.9,11,3.4,98.117,1.883,6.42000008,101.1084,92.78868,100,22.7642008,45.06635733,2.440248511,42,85.38,0.46403643,52356,119.4253561,1.08180778,6.71000004,10.6560497,0.66317401,19.6200725,68.7805936,2.67345767,5.94104E+11,51247.0144,6.133865964
Benin,Sub-Saharan Africa,112760,12996895,2.759705179,112.124184,45.84,60.088,37.114,9.364,56.5,48.972,51.028,1.574,97.96018,25.8,41.41095734,27.8037425,35.03015254,1.733539627,8.43373494,49.06,0.61389816,1732,40.6,0.56062137,3.00365996,2.38842916,29.4360983,16.9910216,47.3439979,1.30737198,17144918952,1319.15499,7.155729529
Burkina Faso,Sub-Saharan Africa,273600,22100683,2.650375915,78.6645687,46.4,59.731,36.085,8.813,52.8,31.24,68.76,4.7579999,111.6631,22,18.95723915,22.7207602,44.38230994,3.653532872,6.2992126,10.85,0.65247202,-13097,72.5316089,2.89113382,5.51908016,5.46494246,17.460657,32.0090238,42.0936667,2.92527947,19737615114,893.077156,6.906341673
Bangladesh,South Asia,130170,169356251,1.149318476,1286.17155,74.9089,71.968,18.053,5.816,24.3,38.946,61.054,5.22900009,106.8878,24.8,96.19999695,14.4687716,76.06207267,5.545654308,20.8571429,26.89,0.48,-174500,39.9,1.26977672,2.119385,2.48357606,11.6328584,33.3160944,51.3015069,5.33384282,4.16265E+11,2457.92488,6.938675089
Bulgaria,Europe & Central Asia,108560,6877743,-0.81484647,63.8726511,98.42,73.6073171,8.5,18,5.1,76.025,23.975,5.42399979,114.7678,75.27145,99.69999695,35.8603537,46.49042004,3.297744353,23.75,73.58,0.57968408,-8716,32.24333379,1.59488901,4.03999996,7.12611389,4.36701478,20.8462048,62.2662673,0.93515879,84056312734,12221.4966,7.634609716
Bahrain,Middle East & North Africa,785,1463265,-0.96602484,1882.12611,0.9098,79.174,12.621,2.239,5.8,89.622,10.378,1.87399995,131.4487,100,100,0.89171975,10.95541401,-0.60631939,15,44.81,0.70007819,-9150,93.6,3.55825967,2.15205002,4.01147509,0.28222155,44.8034024,52.2514647,12.7,38868663032,26562.9691,2.225351242
"Bahamas, The",Latin America & Caribbean,10010,407906,0.352416997,40.6064935,98.2,72.677,11.49,8.076,10.5,83.365,16.635,13.2390003,114.645,87,100,50.9350649,1.398601399,2.904912629,17.9487179,95.7,0.62,485,84.44992014,0.7,2.78221989,5.74977493,0.48980247,11.292222,78.5753796,11.7,11208600000,27478.3896,13.71973494
Bosnia and Herzegovina,Europe & Central Asia,51200,3270943,-1.4406526,64.8126367,98.1,76.225,8.611,14.094,4.9,49.425,50.575,15.2150002,113.9969,75.6762,100,42.7326172,43.28125,1.981639006,26.1904762,47.64,0.57,-25865,46.04821751,0.89493835,3.7,9.04909897,5.15666579,25.5254748,54.8947844,10.162342,23365361635,7143.31055,7.54559113
Belarus,Europe & Central Asia,202980,9340314,-0.42347752,46.2112129,99.87,74.2268293,9.3,13,2.2,79.91,20.09,4.73600006,122.7801,86.88841,100,43.1944034,40.79712287,9.460283896,40,33.49,0.74,12961,54.6,1.15580571,4.70553017,5.86133957,6.80380935,32.1536445,48.3064111,1.66665231,68205380707,7302.25779,2.299879412
Belize,Latin America & Caribbean,22810,400031,1.285629921,17.3135028,82.68,72.854,17.881,5.244,10,46.201,53.799,8.21899986,66.84898,47.1,97.11333466,55.9864095,7.540552389,3.235636592,12.5,75.94,0.55149794,577,133.4,1.2535839,8.70701027,5.96689224,7.68908087,16.7778928,61.8296388,5.43286763,2491500000,6228.26731,15.22613065
Bermuda,North America,54,63867,-0.04070132,1183.2037,98,82.0560976,8.4,8.8,2.21,100,0,9.6,106.2002,98.1,100,18.5185185,5.555555556,5.1,9.09,97.64,0.74,291,37.2,0,1.89716053,12.32,0.29054675,5.29346512,90.5012717,22.8556313,7286607000,114090.328,5.41353381
Bolivia,Latin America & Caribbean,1083300,12079472,1.193486719,11.0183347,93.85256,64.467,22.056,9.3,20.7,70.475,29.525,8.50899982,99.62307,59.9401,97.55412292,46.9249146,34.88138097,0.737383721,46.1538462,49.06,0.62639135,-4666,51.2,1.54445834,9.8374548,6.9233799,12.9222527,26.3609324,50.5781486,3.50696167,40408208528,3345.19659,6.105804225
Brazil,Latin America & Caribbean,8358140,214326223,0.528590453,25.5076254,94.3,74.009,13.078,7.42,13.1,87.317,12.683,14.4029999,102.4889,81.34269,100,59.4174781,28.34109036,8.301659756,15.2046784,42.92,0.47529703,20376,100.5866373,1.19080985,5.5,9.5912714,6.89128329,18.8581282,59.3812891,0.25494502,1.60898E+12,7507.16097,4.619421621
Barbados,Latin America & Caribbean,430,281200,0.180461454,652.774419,99.6,77.393,10.859,8.973,11.4,31.246,68.754,10.4130001,112.6006,81.8,100,14.6511628,23.25581395,8.18,20,97.64,0.4140285,-28,117.6,0.8,6.45361996,6.29990387,1.48230728,13.4078616,71.1012015,2.31853226,4843800000,17225.4623,-0.18927287
Brunei Darussalam,East Asia & Pacific,5270,445373,0.822461682,83.8187856,97.59,74.795,14.165,4.975,9.6,78.554,21.446,7.64900017,135.5013,95,100,72.1062619,2.542694497,1.733413885,9.09090909,98.6,0.29163191,-192,2.8,3.2622296,4.2,2.16031361,1.25628997,62.7015641,37.6286451,0.00637548,14006569576,31449.0766,-1.59076248
Bhutan,South Asia,38140,777486,0.642586173,20.2544835,7.95,71.609,12.65,6.545,23.2,43.008,56.992,4.33199978,100.0671,85.63688,100,71.449397,13.45044573,7.346838598,17.0212766,95.75,0.7975201,291,117.3297593,2.2,7.00352383,3.60761595,19.1916698,34.1984783,43.9909205,3.58832528,2539552985,3266.36491,4.087618798
Botswana,Sub-Saharan Africa,566730,2588423,1.636742755,4.49314841,86.82,65.647,24.195,6.95,36.1,71.56,28.44,24.7220001,160.737,64,71.99475861,26.9170504,45.63372329,7.240977656,10.7692308,95.28,0.75611514,1816,19.6558567,2.85964039,8.73999977,6.04836559,1.72178076,29.6866304,63.6285723,0.32716359,17614791266,6805.22127,11.37002186
Central African Republic,Sub-Saharan Africa,622980,5457154,2.113637226,8.57655141,37.49,54.604,42.175,11.041,77.5,42.648,57.352,6.57499981,34.26901,10.4,15.46508408,35.8005072,8.154354875,4.259364175,12.8571429,6.13,0.31,-85860,38.9,1.85867508,2.16669989,7.75300884,30.0669214,20.160721,39.6584469,1.7,2516498299,461.13749,0.900000007
Canada,North America,8965590,38246108,0.547707006,4.24257679,99,81.7487805,9.4,8.1,4.4,81.653,18.347,7.51000023,85.76331,92.3,100,38.6955125,6.440513117,3.395193185,30.4733728,95.28,0.65160418,195181,72.0858234,1.31515295,5.17000008,10.8444777,1.7,26.1,72.2,0.0405561,1.98834E+12,51987.9391,4.540887309
Switzerland,Europe & Central Asia,39516.03,8703405,0.752392087,218.59906,100,83.1,9.9,8.8,3.5,73.996,26.004,5.3210001,127.4054,95.56937,100,32.1163335,38.06591148,0.581814168,42.5,97.64,0.37988934,23872,20.91088891,0.7116428,5.21999979,11.291481,0.6291997,24.5981549,71.923338,0.37710104,8.0064E+11,91991.6005,4.221716577
Chile,Latin America & Caribbean,743532,19493184,0.994344898,25.9576118,97.4,79.377,11.834,7.221,5.8,87.817,12.183,9.12800026,136.3134,88.3,100,24.4921537,21.12888215,4.524568383,35.483871,58.49,0.36636928,113709,30.2,1.96335906,4.4,9.33272362,3.28487041,31.748581,54.6468067,0.02806454,3.17059E+11,16265.096,11.6682247
China,East Asia & Pacific,9424702.9,1412360000,0.0892522,149.723553,97.15,78.077,8.52,7.07,5.5,62.512,37.488,4.81699991,121.5141,73.05324,100,23.3405957,56.07689766,0.981015136,24.9411765,42.92,0.41926572,-200194,66.8,1.73634051,3.56999993,5.3502779,7.26481606,39.4261123,53.3090717,0.12677854,1.77341E+13,12556.3331,8.109792581
Cote d'Ivoire,Sub-Saharan Africa,318000,27478249,2.45530301,84.313805,89.9,59.032,34.197,8.817,57.9,52.18,47.82,3.46799994,162.1701,46.8,69.67912292,8.9204717,66.66666667,4.091951897,14.1732283,48.5,0.6043303,-21000,49.5,1.25148133,3.44302011,3.29862952,19.8526853,21.4070355,52.2337171,0.53652039,70043191477,2549.0413,7.03796
Cameroon,Sub-Saharan Africa,472710,27198628,2.635819406,56.0408855,78.23,60.833,35.507,8.419,48.3,58.148,41.852,3.86500001,84.36917,37.8,64.72136688,43.0295107,20.62575363,2.271857625,33.8888889,14.62,0.4046883,-9889,39.1,1.02408931,3.16616011,3.59539533,16.9105625,24.4981379,51.0550218,0.8194033,45338283345,1666.93273,3.649916886
"Congo, Dem. Rep.",Sub-Saharan Africa,2267050,95894118,3.22252816,40.9577045,8.2,59.739,42.311,9.537,63.8,46.235,53.765,5.42600012,43.93862,13.6,19.10000038,55.6473126,14.80867206,8.44,12.8,20.8,0.319,-64643,26.5,0.56168578,2.70000005,3.53626084,19.0436301,45.3420353,33.1828399,2.27655333,55350968593,577.209215,6.200154011
"Congo, Rep.",Sub-Saharan Africa,341500,5835806,2.316488253,16.6974348,8.61,63.785,31.155,6.923,33,68.283,31.717,23.0109997,95.2509,23.2,49.51710129,64.2635432,31.12152269,1.715642755,11.2582781,25.3,0.62863505,-4466,65.6,2.91271196,4.44861984,2.08331084,9.51190538,23.5252635,60.2271726,0.12050139,13366230220,2290.38289,-2.20000261
Colombia,Latin America & Caribbean,1109500,51516562,1.143820916,45.9041568,95.63633,74.769,14.435,6.606,11.4,81.74,18.26,14.3360004,145.6932,69.79,100,53.3050113,43.48158855,3.495057574,18.8235294,27.36,0.6,211978,90.40356612,3.40189398,4.93310022,7.70943594,7.4289691,25.0072622,57.9612421,2.7374406,3.14464E+11,6104.13671,10.67701307
Comoros,Sub-Saharan Africa,1861,821625,1.899440995,433.189683,61.99,64.166,29.896,8.274,47.2,29.613,70.387,9.44699955,103.8732,8.5,86.73713684,17.6894143,70.39226222,0.18,16.6666667,53.77,0.41,-1772,24.1,1.3,6,5.17030334,35.5116524,9.26757878,50.9330089,18.5578031,1296089633,1577.47103,2.112195577
Cabo Verde,Sub-Saharan Africa,4030,587925,0.902988883,144.575682,9.78,74.808,17.158,5.692,12.2,67.102,32.898,15.4230003,100.382,64.5,94.16174316,11.3449132,19.60297767,1.862152975,38.8888889,95.28,0.51,-1274,131.8,0.535772,7.58479023,4.93621731,4.40976872,25.1354525,57.3193659,16.1196848,1936174043,3293.23305,6.952448694
Costa Rica,Latin America & Caribbean,51060,5153957,0.600406861,100.334998,98.4,79.277,12.152,5.627,6.7,81.425,18.575,17.9540005,152.0082,82.74902,99.90000153,59.4373286,34.49862906,1.726477551,45.6140351,94.34,0.75552022,2084,66.9,0.6,6.71066999,7.27393246,4.45421187,20.5482895,66.8675494,0.92424247,64282438667,12472.4437,7.579565299
Cuba,Latin America & Caribbean,103800,11256372,-0.39301254,108.869923,99.67311,77.567,9.344,10.23,4.1,77.292,22.708,2.75600004,63.10467,74,100,31.2331407,61.66666667,2.67,53.4129693,73.58,0.75116247,-7068,47.5,2.1,1.15248E-05,11.3402052,0.88194096,23.347436,74.9616805,25,107352000,9499.5902,1.254092864
Curacao,Latin America & Caribbean,444,152369,-1.67779125,348.97973,100,78.02,10.1,9,8.38,89.038,10.962,19.1,96.14978,68.1,100,0.15765766,10,3.8,14.3,37.98,0.68,502,65.2,0,7.42913866,11.2,0.1943544,14.2774828,74.1972586,5.23815318,2699612458,17717.5965,4.232404629
Cayman Islands,Latin America & Caribbean,240,68136,1.218203729,280.4625,98.86782,82.19,12.6,3.3,7.84,100,0,5.7,148.5663,81.1,100,53,11.25,8.9,0,100,0.54474932,276,0,0,2.7,5.5,0,32.1,67.9,0.16061129,5898449688,86568.7696,1.839256358
Cyprus,Europe & Central Asia,9240,1244188,0.53599943,133.932576,99.36,81.391,10.583,6.93,2.3,66.856,33.144,6.13000011,148.7381,90.80195,100,18.6720779,14.51611472,2.446088672,14.2857143,73.58,0.75509483,1995,102.5,1.98681222,6.05999994,7.00903225,1.70041432,13.1178584,73.224936,2.34294628,28407867534,31551.8164,6.638926968
Czechia,Europe & Central Asia,77198.53,10505772,-1.81187141,138.575929,99,78.2268293,10.3,12.1,2.3,74.214,25.786,2.88700008,124.9188,82.67062,100,34.6779919,45.64686659,3.839844915,25,95.28,0.50276691,3621,35.4,1.43409136,5.07999992,7.83470726,1.84559759,30.2677874,58.7536597,1.5568524,2.81778E+11,26821.2452,3.544223443
Germany,Europe & Central Asia,349390,83196078,0.042327057,238.017319,99,80.9414634,9.3,11.9,3.1,77.544,22.456,3.53500009,128.8867,91.43061,100,32.6826755,47.49706632,3.142969673,34.9184783,92.45,0.53455645,312735,72.2,1.33738434,4.65999985,11.6972494,0.85072534,26.7365031,62.8845422,0.47915703,4.25993E+12,51203.5545,2.626987267
Djibouti,Middle East & North Africa,23180,1105557,1.40284751,47.0300259,46.2,62.694,22.477,8.821,47.2,78.217,21.783,28.3859997,44.26176,59,61.76708221,0.2502157,73.4253667,4.46,26.1538462,35.38,0.59425485,742,93.4,4.2,2.7,1.79826784,3.1,22.8,74.1,2.01364429,3482987379,3150.43673,4.812477383
Dominica,Latin America & Caribbean,750,72412,0.577535935,95.9933333,94,76.6,18.67,8.14,31.7,71.395,28.605,7.4,105.5644,69.6,100,63.8266667,33.33333333,3.02,34.375,99.53,0.49437466,57,82.3,1.2,5.46584511,5.46006632,16.9913586,12.1961652,56.1107807,10.381961,554181481.5,7653.17187,6.681925718
Denmark,Europe & Central Asia,40000,5856733,0.433414489,145.7851,99,81.5512195,10.4,9.4,3.1,88.24,11.76,4.79799986,124.4957,98.86585,100,15.711,65.499675,1.85304544,39.6648045,95.28,0.859,22746,34.3,1.37159147,6.38000011,9.95583057,0.86718737,19.3200765,66.6979348,0.37464086,3.98303E+11,68007.7567,4.855707586
Dominican Republic,Latin America & Caribbean,48310,11117873,1.068926667,227.689174,95.17,72.889,18.78,6.46,27.9,83.213,16.787,8.49600029,87.56486,76.9,100,44.3821155,50.27944525,8.24300348,27.8947368,61.79,0.72825503,-14966,63.2,0.65056273,4.61870003,5.929142,5.66578215,32.6621209,54.6296748,11.398988,94243453937,8476.75216,12.27199023
Algeria,Middle East & North Africa,2381741,44177969,1.657703201,18.2436571,81.41,74.453,22.431,5.398,19.5,74.261,25.739,12.7040005,106.4528,62.9,99.80413055,0.81830896,17.36496412,7.226063074,8.10810811,28.77,0.7772032,-18797,45.8,5.59258407,7.0423975,6.24337101,13.0309016,38.9187839,44.0251572,1.17206988,1.63044E+11,3690.62788,3.5
Ecuador,Latin America & Caribbean,248360,17797737,1.182063375,70.8189523,94.48359,72.153,17.037,7.534,11.1,64.361,35.639,6.42700005,94.33559,70.7,98.84999847,50.3214286,21.82315993,0.133251386,39.4160584,50,0.50596654,35894,64.1,2.45571202,3.69138002,7.81824684,9.41428764,31.1735412,53.4098436,4.11379094,1.06166E+11,5965.13287,4.235251242
"Egypt, Arab Rep.",Middle East & North Africa,995450,109262178,1.658383679,107.956335,73.9,70.99,23.051,5.851,16.6,42.862,57.138,9.32900047,94.68028,71.9142,100,0.04518559,3.989150635,5.214049405,27.7027027,37.5,0.45761245,-32370,89.5,1.30081911,2.48000002,4.73997355,11.8315058,30.7912531,52.229878,7.79105867,4.04143E+11,3698.83498,3.326742091
Eritrea,Sub-Saharan Africa,121040.829,3620312,1.796101337,29.377426,76.57,67.133,28.706,6.424,29.7,41.985,58.015,8.04699993,50.64867,6.9,52.1710968,8.71821524,62.72263717,6.6,22,25.94,0.5689258,-14988,133.5,5.9,5.6,4.45876694,14.5,34.9,50.6,3.7,2200000000,611,2.9
Spain,Europe & Central Asia,499556.645,47415750,0.105706398,94.8153837,98.59446,82.3341463,7.1,10.4,2.7,81.056,18.944,14.7329998,119.6231,93.89752,100,37.1773055,52.33167922,3.09313512,43.4285714,83.49,0.4500564,275022,141.2169882,1.37078152,4.59000015,9.13213158,2.61144375,20.3574287,67.4259762,0.27735429,1.42738E+12,30103.5137,5.519594973
Estonia,Europe & Central Asia,42750,1330932,0.105996956,31.0999298,99.87,78.3463415,9.9,11.9,1.7,69.415,30.585,6.33099985,149.0808,91.03627,100,57.0385965,23.04093567,4.653166738,25.7425743,92.45,0.79,2995,23.76990453,2.15551505,6.57999992,6.7304492,2.02065434,23.1064624,62.5382331,1.56025566,37191166152,27943.7012,8.013462924
Ethiopia,Sub-Saharan Africa,1128571.27,120283026,2.604319283,103.840063,51.77,65.371,32.78,6.616,35.4,22.174,77.826,3.69400001,37.97223,24,51.0939827,15.1239895,34.09275178,26.83952216,42.5882353,6.13,0.37094247,-1391,57.1,0.52782823,4.2,3.23808599,37.5738333,21.8523422,36.2520571,0.40230305,1.11271E+11,925.077428,5.637303008
Finland,Europe & Central Asia,303940,5541017,0.207288594,18.1928769,100,82.1317073,8.4,10,1.9,85.596,14.404,7.5250001,129.1548,92.80806,100,73.7283674,7.468579325,2.194574323,46,95.28,0.896,14928,72.2,2.03028083,5.88000011,9.15348339,2.29584631,24.606253,59.7878799,0.28337422,2.97302E+11,53654.7503,2.973229356
Fiji,East Asia & Pacific,18270,924610,0.453976646,50.3788725,99.09,67.924,19.628,8.078,23,57.74,42.26,5.23899984,107.7223,70.5,100,62.3984674,17.05528188,0.155855722,21.5686275,89.62,0.69000649,-6003,67.7,1.65062746,5.67535305,3.81607008,14.5217291,16.889604,53.7758074,11.259687,4296304590,4646.61272,-5.11160739
France,Europe & Central Asia,547557,67749632,0.263854757,123.404699,99,82.1756098,10.9,9.9,3.4,81.242,18.758,8.06299973,112.8271,86.09549,100,31.5090484,52.14754628,1.64233141,39.5147314,69.81,0.56507051,20614,123.0135527,1.94538226,5.5,11.0574722,1.64018921,16.6557238,70.3441202,1.08446978,2.95788E+12,43658.979,6.816589136
Faroe Islands,Europe & Central Asia,1366,52889,0.900256783,38.3711567,99,83.0926829,12.9,7,5.44,42.583,57.417,0.8,112.9696,97.6,100,0.05856515,70.32942899,8.6,24,100,0.85,0,36.1,1.5,8.1,8.2,14.1590259,19.5309232,54.5081753,1.5,3649886275,69010.3098,12.35
"Micronesia, Fed. Sts.",East Asia & Pacific,700,113131,0.9101587,160.151429,98.8,70.674,20.837,6.065,20.9,23.068,76.932,16.49,19.62428,35.3,82.92591858,92.0285714,31.42857143,2.1,7.14285714,56.7,0.46127009,-635,25.40451299,1.5,7.2,11.4420805,22.2756342,5.02288326,66.6509252,5.72026961,404028900,3571.33677,-3.1881872
Gabon,Sub-Saharan Africa,257670,2341179,2.097988103,8.89732216,85.46,66.531,27.695,6.909,30.7,90.423,9.577,22.2649994,134.3173,62,91.57156372,91.3206815,8.587107541,1.1,16.1971831,56.13,0.42,1516,60.7,1.7100361,3.18161011,2.76836205,6.01726243,50.9156385,38.6557482,0.11580442,20216843174,8635.32569,1.46228651
United Kingdom,Europe & Central Asia,241930,67326569,0.365409887,277.274418,99,80.902439,10.2,10.4,3.6,84.152,15.848,4.52600002,118.5668,94.8182,100,13.1856322,71.34004919,2.518371096,34.2592593,77.36,0.49522647,202027,195.3922888,2.22322827,5.53000021,10.154027,0.67483194,17.4853243,71.4645443,0.11250459,3.13138E+12,46510.2828,7.524910374
Georgia,Europe & Central Asia,69490,3708610,-0.37963661,65.1302705,99.36,72.765,12.966,13.976,8.2,59.872,40.128,10.6590004,137.4025,76.44271,100,40.615916,34.21931213,9.566914338,19.3333333,46.7,0.81275654,-2734,65.8844131,1.67322167,3.62380004,6.65744257,6.4663285,21.3680838,59.5147082,14.1922502,18629365597,5023.27438,10.46553729
Ghana,Sub-Saharan Africa,227533,32833031,2.00774487,141.431797,8.38,64.114,28.038,7.448,33,57.985,42.015,4.704,125.7337,68.6,85.87355042,35.096931,55.39301991,9.971088675,14.5454545,58.96,0.48102313,-11253,76.1,0.49210059,2.9,3.41858864,19.7087754,28.2645091,45.9307234,6.12758528,77594279055,2363.2993,5.356477897
Gibraltar,Europe & Central Asia,10,32669,-0.12236534,3270.9,80,82.198,10.844,8.685,5.52,100,0,1,108.3466,94.4,100,0,0,1.27,17.6,39.62,0.70969397,-58,38.3,7.2,3.3,10.8,0.6,18.4,80.9,1.3,2400000000,96512,-6.9
Guinea,Sub-Saharan Africa,245720,13531906,2.444317219,53.740652,45.33,59.327,34.944,9.847,62,37.264,62.736,6.34200001,104.4668,26,44.66867828,25.1872049,59.01025558,12.59706951,22.8,26.89,0.44656491,-4367,40.3,1.48454112,2.19947004,3.98389959,25.8219862,28.5336043,37.2697023,2.13717309,16091817842,1189.176,3.9
"Gambia, The",Sub-Saharan Africa,10120,2639916,2.52879318,254.347332,58.6,62.612,33.719,7.373,34.7,63.222,36.778,11.2119999,104.0388,36.5,62.27306747,23.979249,59.7826087,7.370347589,8.62068966,43.94,0.68308729,-1960,86.6,0.74865138,2.76372004,3.82171082,22.4187284,17.1547447,53.3493383,26.8370652,2038417462,772.152395,4.265492162
Guinea-Bissau,Sub-Saharan Africa,28120,2060721,2.202589246,71.6866287,52.89,59.999,31.605,8.574,51.4,44.617,55.383,6.75899982,108.5305,22.9,33.33546829,70.4128734,28.98684211,2.242488796,13.7254902,53.4,0.54003847,-1395,60.8,1.78263866,2.70843005,8.34976101,58.5,12.7,28.9,12.2184321,1638517533,795.118569,3.800002427
Equatorial Guinea,Sub-Saharan Africa,28050,1634466,2.378494519,56.9001426,94.37,60.708,31.174,9.026,58.3,73.561,26.439,9.24499989,40.41229,26.2,66.74772644,87.2877005,6.720855615,4.77,23,50,0.31,6486,59.2,1.30517155,2.4,3.13503671,2.63047391,51.3209544,46.2608952,0.6,12269392840,7506.66752,-0.94538292
Greece,Europe & Central Asia,128900,10641221,-0.53775653,82.9992164,99.3,81.0878049,7.9,12.2,3.6,80.038,19.962,14.7950001,110.0393,78.49426,100,30.2699767,45.5173623,1.22382501,21.6666667,62.26,0.4935109,-14806,252.2861546,3.86736963,4.44000006,7.83788586,3.87084478,15.3123205,68.1531562,0.32059097,2.14874E+11,20192.5963,8.434425502
Grenada,Latin America & Caribbean,340,124610,0.762873605,363.714706,98.6,74.924,16.288,8.061,14.5,36.694,63.306,19.5,98.65522,56.9,93.58644867,52.0588235,23.52941176,1.219511939,46.6666667,97.64,0.79259902,-85,67.2,1.5,5.5,4.96524,5.33781065,14.5478595,65.2204461,6.58757476,1122807407,9010.57224,4.68794389
Greenland,Europe & Central Asia,410450,56653,0.506106194,0.13732976,100,71.4046341,14.8,9.2,7.28,87.507,12.493,5.3,118.4236,69.5,100,0.000536,0.592301133,1.89,42.3,100,0.59340447,-62,38.3,0,8.3,9.5,1.1,16.7,82.2,1.1,3076000000,56108.8,-5.2
Guatemala,Latin America & Caribbean,107160,17109746,1.480316806,157.31927,83.35,71.797,21.816,5.337,20.1,52.245,47.755,3.57200003,125.6488,50.84165,97.05526733,32.920866,35.98357596,4.261051274,19.375,47.17,0.40764329,-29118,31.56278309,0.44456752,3.10876989,6.21161032,9.39684133,22.2366391,62.1321558,17.9045829,85985752107,5025.54229,7.980769506
Guam,East Asia & Pacific,540,170534,0.767004481,313.390741,99.37,76.612,16.363,7.178,8.108,95.015,4.985,6.9829998,113,80.5,100,51.8518519,29.62962963,2.93,33.3,95.28,0.74528188,-244,7.3,29.6,3.9,14.3,0.5,26.6,72.9,1.9,6123000000,35904.8635,1.058095428
Guyana,Latin America & Caribbean,196850,804567,0.919614739,4.04979426,88.85,68.486,20.473,8.026,23.8,26.897,73.103,16.4249992,107.3755,42.6,92.5405426,93.5501143,6.305562611,5.032855746,35.7142857,53.77,0.73399532,-4316,93.8,0.95651624,6.1,4.93048668,13.4889386,50.3700043,30.8320386,8.01244647,8044498801,9998.54431,20.06001095
"Hong Kong SAR, China",East Asia & Pacific,1050,7413100,-0.91177675,7124.7619,95.7,85.3878049,5.8,6.8,1.231,100,0,5.31500006,319.4263,93.08716,100,5.3,3.80952381,1.568758344,24.6,88.5,0.53497791,0,38.1,1.9,4.00102997,3.6,0.07547875,5.98585488,89.592819,0.12482519,3.69176E+11,49800.5424,6.343106198
Honduras,Latin America & Caribbean,111890,10278345,1.535139668,90.4617303,88.51,71.462,21.353,4.945,13.9,58.982,41.018,8.51299953,73.5596,42.05,93.20671082,56.8349272,31.37903298,4.480879634,27.34375,40.09,0.55317438,-5779,54.9,1.6058807,6.43843985,7.2839179,11.0408478,26.5804575,56.9648839,25.2852348,28488668302,2771.71746,12.53409602
Croatia,Europe & Central Asia,55960,3899000,-3.74237675,72.3316655,99.45,77.7243902,8.9,14.1,3.9,57.878,42.122,8.68299961,108.4253,81.254,100,34.6517155,26.89421015,2.554506996,31.1258278,89.62,0.62850642,-10402,104.8909851,2.73556859,5.53999996,6.97861767,2.90697222,19.7874579,60.4015915,7.31589502,68955083280,17685.3253,13.07220492
Haiti,Latin America & Caribbean,27560,11447569,1.237298997,410.261284,61,64.052,23.936,8.176,46.7,57.964,42.036,15.7259998,64.73095,34.5,46.92553329,12.6015965,66.76342525,16.84152402,3.6,21.7,0.54675251,-32977,47.3,0.1885407,1.37101436,4.72808981,20.6152858,25.4464651,51.5771167,20.0358824,20944392615,1829.59304,-1.79823989
Hungary,Europe & Central Asia,91260,9709891,-0.41375102,106.83924,99.1,75.6170732,9.6,14.5,3.4,72.245,27.755,4.11600018,105.9698,88.64083,100,22.4962744,53.72561911,5.110965344,13.0653266,94.34,0.5966171,19870,96.10889725,1.63606587,4.76000023,6.35002232,3.35458899,24.2519745,57.0119568,1.9174083,1.81848E+11,18728.1219,7.117315315
Indonesia,East Asia & Pacific,1877519,273753191,0.694717688,144.796388,96,68.808,16.649,8.964,19.5,57.29,42.71,4.41300011,133.6505,62.10448,96.94999695,49.0717804,33.18208764,1.560129905,21.0434783,43.87,0.56258804,-14992,42.9166244,0.69592594,3.49000001,2.90493584,13.2806835,39.8587969,42.8177,0.79272259,1.18609E+12,4332.70928,3.691240112
Isle of Man,Europe & Central Asia,570,84263,0.2578592,147.449123,99,80.588,8.605,10.414,3.85,53.076,46.924,1.6,130,131,100,6.07017544,69.8245614,7.4,0,77.8,0.51512551,517,17.9,0,5.1,12.2,1.5,9.6,88.9,0.9,7315000000,99857,1.4
India,South Asia,2973190,1407563842,0.797216094,469.659567,74.37,70.15,16.572,7.35,27,35.393,64.607,5.97800016,82.62106,43,99,24.2702283,60.21985692,5.131407472,14.4444444,36.79,0.31901422,-301970,89.6,2.65779003,4.47422981,3.0141468,16.8186278,25.8874346,47.5104036,2.81381768,3.1763E+12,2256.59041,8.681228731
Ireland,Europe & Central Asia,68890,5033165,0.953898052,72.3672812,99,82.204878,11.2,6.4,2.6,63.912,36.088,6.6329999,107.7677,91.99989,100,11.3517201,65.49571781,2.358142962,22.5,94.34,0.60256475,15320,71.58126249,0.26479125,3.0999999,6.67931509,1.01776298,37.7918093,55.3642739,0.03567252,5.04183E+11,100172.079,13.58824711
"Iran, Islamic Rep.",Middle East & North Africa,1622500,87923432,0.722822505,53.7998108,88.74,74.832,14.231,5.567,11.1,76.345,23.655,11.4610004,154.5543,78.59574,100,6.62673035,28.97565485,43.38901627,5.59440559,44.24,0.31,28080,53.2,2.29916024,3.59243011,6.71061659,12.393096,38.0137347,47.328977,0.55477791,3.59713E+11,4091.20919,4.719777732
Iraq,Middle East & North Africa,434128,43533592,2.26888921,98.0286551,85.6,69.123,27.732,5.239,21.3,71.119,28.881,14.1920004,88.05917,75,100,1.90036118,21.30707994,6.041864891,28.8753799,4.72,0.5983243,-60097,68.8,2.28295671,3.9,4.47671509,3.95197625,53.8301522,43.4625142,0.34951495,2.07889E+11,4775.37745,2.783335435
Iceland,Europe & Central Asia,100830,372520,1.63931664,3.63446395,99,83.0658537,12.3,6.3,1.5,93.944,6.056,5.40100002,118.0742,99.68702,100,0.50927303,18.56590301,4.444239702,47.6190476,99.53,0.40039259,622,100.0169891,0.1,7.71999979,8.63868046,4.52355171,20.3903483,64.6157244,0.74311435,25602419210,68727.6367,4.403044786
Israel,Middle East & North Africa,21640,9364000,1.602910669,425.836414,91.75,82.7,19.2,5.3,2.9,92.674,7.326,5.04500008,140.4485,90.12734,100,6.46950092,29.87060998,1.492288454,28.3333333,22.64,0.70604795,16856,60.4,5.17162426,7.07000017,7.46131897,1.26100865,17.1721205,72.4485374,0.25196174,4.88527E+11,52170.7119,8.611990348
Italy,Europe & Central Asia,295717,59109668,-0.55535716,200.9991,99.94,82.3439024,6.8,12.6,2.5,71.346,28.654,9.83399963,131.8611,74.86233,100,32.348935,43.95756754,1.873783258,35.7142857,83.49,0.68614614,28021,156.1,1.52273014,4.26999998,8.66856861,1.92946283,22.4925681,65.223997,0.48671109,2.1077E+12,35657.4976,6.737277123
Jamaica,Latin America & Caribbean,10830,2827695,0.257040922,260.42807,88.67,71.869,11.813,7.583,11.4,56.652,43.348,9.18200016,102.7483,55.1,100,55.1144968,40.99722992,5.862782428,28.5714286,66.04,0.70658141,-5664,106.282373,1.41272032,6.02747011,6.09748316,8.34080243,20.9347128,58.2235516,25.2885976,14657586937,5183.5813,4.6
Jordan,Middle East & North Africa,88794,11148278,1.989076856,123.079499,98.42,75.184,22.265,3.475,12.9,91.626,8.374,19.2520008,65.26177,66.8,99.90000153,1.09804717,11.58862085,1.346093772,11.5384615,49.06,0.79567158,14374,75.13747829,5.01895528,3.21138,7.58246946,4.73529702,23.697619,61.0520662,11.2850272,45744271659,4103.25897,2.228138413
Japan,East Asia & Pacific,364500,125681593,-0.45995242,346.395062,99,84.6156098,6.8,11.1,1.8,91.867,8.133,2.79900002,160.8817,90.21946,100,68.4087791,11.99451303,-0.23335278,9.67741935,96.23,0.8882436,87584,216.2788852,1.0735152,3.42000008,10.7437248,0.9,26.7,72.4,0.10708571,4.94088E+12,39312.6604,1.657071117
Kazakhstan,Europe & Central Asia,2699700,19000988,1.299508438,6.94731489,99.8,71.37,22.76,8.6,8.9,57.821,42.179,4.9000001,128.0025,90.92395,100,1.27965329,79.26925214,8,27.1028037,49.06,0.50411636,-18917,26.63396691,0.86636864,4.44620371,2.78745675,5.03000194,35.2669296,53.919357,0.15735122,1.97112E+11,10373.7898,4.3
Kenya,Sub-Saharan Africa,569140,53005614,1.942761283,91.3409354,82.62,62.675,27.998,7.456,31.2,28.493,71.507,5.7420001,122.7902,29.5,71.4379425,6.3448185,48.54693046,6.110909164,21.6138329,21.7,0.5219016,-52549,70.3,1.11910912,4.79903984,4.59182692,22.4282455,16.9949249,54.4131937,3.41657401,1.10347E+11,2081.79985,7.517355387
Kyrgyz Republic,Europe & Central Asia,191800,6691800,1.686334859,34.306048,99.59,71.8,24,6.1,15.7,37.146,62.854,9.10400009,132.4695,72,99.98104858,6.85808133,54.0552659,11.90503982,20.4545455,48.36,0.58415353,-16510,72.23222729,1.66921378,6.21486473,4.49454117,14.6822072,26.6885044,48.438134,32.6859396,8543423503,1276.70037,3.610612695
Cambodia,East Asia & Pacific,176520,16589023,1.165135849,92.8895309,83.91,70.416,19.849,6.228,22,24.668,75.332,0.61199999,128.6026,52.6,86.40000153,45.7079651,32.79515069,2.920734776,21.6,54.72,0.39199102,-24262,27.5,2.31636442,3.12630653,6.98908329,22.8475001,36.8347844,34.1780682,4.27816347,26961061120,1625.23502,3.026389363
Kiribati,East Asia & Pacific,810,128874,1.888540758,156.12716,93,67.266,27.645,6.242,39.2,56.335,43.665,30.6,43.22258,38,91.96302795,1.45679012,41.97530864,3,6.66666667,99.06,0.416,-296,32.9,1.7,4.4,10.2641439,17.9,15.2,66.9,8.24496836,207031250,1606.46251,1.499998904
St. Kitts and Nevis,Latin America & Caribbean,260,47606,-0.07559214,183.238462,98,71.34,12.57,7.24,12.6,30.906,69.094,5.3,163.7211,80.7,100,42.3076923,23.07692308,1.19568887,25,78.4,0.61294985,-90,92.8,0,2.44862008,5.39632845,1.42281232,22.5933304,64.6878375,4.31854407,860840740.7,18082.6102,-0.87962264
"Korea, Rep.",East Asia & Pacific,97600,51744876,-0.17640865,531.109006,97.97,83.4268293,5.3,5.9,2.6,81.414,18.586,3.53200006,140.5659,97.57133,100,64.4159836,16.60860656,2.498333333,19,83.1,0.42339814,43440,46.43159664,2.77701963,4.5,8.1641655,1.78964868,32.445925,56.9754902,0.42542174,1.81096E+12,34997.7816,4.145323954
Kuwait,Middle East & North Africa,17820,4250114,-2.56280809,244.693827,96.45754,76.92,11.797,3.254,7.6,100,0,3.71399999,162.7763,99.70001,100,0.35072952,8.417508418,3.423629476,1.53846154,68.87,0.55734921,-36843,20.7,6.69062243,6.55125999,5.49601221,0.4,58.5,41.1,0.02125087,1.0596E+11,25657.7,-8.1
Lao PDR,East Asia & Pacific,230800,7425057,1.433214065,31.7131672,87.7,68.497,22.449,6.366,35.3,36.939,63.061,1.25800002,64.95536,62,100,71.9042461,8.791161179,3.755620367,21.9512195,39.74,0.7092483,-10303,65.9,1.3,2.2997601,2.59852362,16.067697,34.1299777,38.8487056,1.22309842,18827148510,2535.62343,2.528351001
Lebanon,Middle East & North Africa,10230,5592631,-1.24903517,553.560411,95.3,77.804,15.332,6.253,6,89.093,10.907,14.4879999,75.7245,84.1,100,14.0107527,65.46138807,154.756096,4.6875,11.32,0.47765201,-115122,153.7,3.03264542,1.69000006,8.64661503,1.40016569,2.75863223,94.1483399,20.9172144,23131940281,4136.14635,-7.00123936
Liberia,Sub-Saharan Africa,96320,5193416,2.05886078,52.8196013,48.3,60.948,31.708,8.753,58.1,52.573,47.427,4.09499979,32.49086,25.6,27.53470993,79.0847176,20.28696013,7.82,10.9589041,49.53,0.63318181,-11862,63.3,0.95129457,2.69217992,8.47005749,36.9620975,18.2388145,37.7315474,10.9671112,3509000000,675.663186,4.986712835
Libya,Middle East & North Africa,1759540,6735277,1.214947645,3.78163725,91.29,72.472,18.302,5.598,9.5,80.994,19.006,19.5839996,43.91382,46.2,69.70735168,0.12332769,8.723871012,2.8,15.9574468,4.72,0.61439753,-696,92.6,2.9,3.7,3.8,3.6,62.9,33.5,6.7,42817472975,6357.19555,31.37242223
St. Lucia,Latin America & Caribbean,610,179651,0.230712748,293.831148,90.1,73.416,11.667,8.205,22,18.94,81.06,16.9050007,113.2579,53.3,100,34.0491803,16.29508197,2.410703122,11.1111111,73.4,0.572,0,85.6,1.2,3.57521009,4.32460737,1.76300368,12.3263611,72.1620502,3.70114849,1691275157,9414.22623,12.22986221
Liechtenstein,Europe & Central Asia,160,39039,0.727556394,242.225,100,81.8073171,9.1,8.2,3.66,14.471,85.529,1.6,126.1918,99,100,41.875,33.25,2.5,28,100,0.41324064,231,13.4,0.5,2.4,7.7,0.4,39.8,59.8,2.6,6113951012,190788.1,2.6
Sri Lanka,South Asia,61860,22156000,1.075449957,354.332363,92.3823,76.393,14.235,7.056,5.9,18.86,81.14,5.39499998,141.292,35,100,34.1580989,45.45748464,7.014780712,5.38116592,49.06,0.61097616,-92400,87.7,103.08,1.8,4.07979679,8.70481659,29.7911538,55.1098356,8.36612611,88927263725,4013.68766,3.326763818
Lesotho,Sub-Saharan Africa,30360,2281454,1.20621788,74.2457181,81.2,54.693,26.378,12.858,69.9,29.48,70.52,24.5979996,79.83391,43,47.35273743,1.1370224,85.63899868,6.04774592,23.3333333,53.3,0.31568518,-1490,59.1,1.28718749,8.70263958,11.2694635,4.94594502,34.2311018,49.165776,19.9979142,2496134680,1094.09818,1.347623155
Lithuania,Europe & Central Asia,62620,2800839,0.21280543,44.6324657,99.83,74.9292683,9,15.6,2.7,68.249,31.751,7.90299988,133.7323,86.93054,100,35.1485149,46.99457042,4.683544209,27.6595745,93.87,0.50809824,-11853,53.28445395,2.02172617,12.03,7.00600433,3.31378187,25.3038235,60.7366622,1.17100518,66445256585,23723.3403,5.981032113
Luxembourg,Europe & Central Asia,2574.46,640064,1.518349367,244.874265,100,81.7414634,10.2,7.3,2.3,91.672,8.328,5.22700024,141.1802,98.82697,100,34.4538272,51.32571491,2.526920091,35,98.11,0.78991503,6949,21.1,0.62688078,4.96999979,5.37075996,0.19501756,11.2070985,79.3244371,2.65875065,85506243834,133590.147,5.102455447
Latvia,Europe & Central Asia,62230,1884490,-0.84329468,30.539113,99.89,75.3878049,9.2,15.2,3.4,68.421,31.579,7.5999999,115.3585,91.17965,100,54.8094167,31.64068777,3.275829374,29,89.15,0.77105117,-6815,44.8,2.28041898,5.96999979,6.57814217,4.10813161,19.8811535,63.6751763,3.30561822,39853501580,21148.1629,4.068073863
"Macao SAR, China",East Asia & Pacific,32.9,686607,1.515044864,20555.7143,97.11,85.184,10.128,4.047,2.428,100,0,3.01399994,412.9928,88.1,100,0,2,2.51,0,88.8,0.50460178,4004,0,0,6.30000019,6.7,0,5.8248361,94.1751639,0.07509204,30123914809,43873.5912,19.26705638
St. Martin (French part),Latin America & Caribbean,50,31948,-1.87599493,651.06,100,80.149,15.768,4.788,6.85,96.5,3.5,19,36.8,68.6,100,24.8,22,0.6,0,64.07,0.50841212,-948,32.7,0,6.8,10.9,0,10.7,89.3,6.4,773000000,25470,-22.5
Morocco,Middle East & North Africa,446300,37076584,1.051484312,82.2065248,75.93,73.92,17.889,6.073,16,64.065,35.935,11.467,139.2751,88.13032,100,12.8668833,68.07528568,1.40195884,22.7848101,46.7,0.77593243,-46242,75.9,4.18351299,6.75430012,5.30845118,12.0358617,26.0809841,51.5548758,7.4928992,1.42866E+11,3795.38013,7.929667942
Monaco,Europe & Central Asia,2.027,36686,-0.64123685,18215.0962,99,93.4,5.24,10.47,2.5,100,0,2,98.82516,97.1,100,0,46.7,1.3,33.3333333,97.17,0.60811627,206,5.5,0,1.1527,1.5251174,7.396808,12.5178866,80.0853054,4.1,8596096984,234315.461,21.5535607
Moldova,Europe & Central Asia,32884.6,2615199,-0.75923226,91.7473261,99.6,70.166,12.481,14.445,12.5,42.998,57.002,3.96199989,127.3941,76.1,100,11.7532219,68.86506146,5.10641129,39.6039604,53.3,0.40607002,-14278,33.01366038,0.41161361,6.38872004,6.3779459,10.3852478,20.6072602,54.8548142,15.2393908,13679221333,5230.66173,13.9445896
Madagascar,Sub-Saharan Africa,581800,28915653,2.416869374,48.513539,77.25,65.182,31.343,6.801,36.3,39.207,60.793,2.5940001,56.30042,19.4,33.7350769,21.3644036,70.29047783,5.812251188,17.8807947,37.74,0.50160199,-742,37.2,0.7700343,3.09571004,3.68728375,23.7,15.4,60.9,3.79541635,14472603323,500.511032,4.40234
Maldives,South Asia,300,521457,1.355177392,1714.79333,97.86,79.875,14.576,3.001,5.5,41.102,58.898,6.07800007,139.513,62.93,100,2.73333333,21.33333333,0.543149689,4.59770115,84.43,0.60519266,1189,94.7,2.9,5.80046701,8.04001141,5.26581453,8.94426148,73.2482653,0.09032663,5405576236,10366.2934,41.74510055
Mexico,Latin America & Caribbean,1943950,126705138,0.559420832,64.8156084,95.24785,70.133,15.565,9.33,11.8,81.016,18.984,4.37900019,97.80247,71.96819,99.40000153,33.7930914,49.96939222,5.689208477,50,35.38,0.58811349,-52649,59.8,0.68013076,5.1,5.43305254,3.8892012,30.834403,59.1606827,4.25270574,1.27284E+12,10045.6805,4.720565298
Marshall Islands,East Asia & Pacific,180,42050,-3.1899549,241.183333,98.27,65.24,29.64,29.64,25.5,78.162,21.838,6.3,36.85447,38.7,99.16060638,52.2222222,47.77777778,6.186,6.06060606,89.62,0.429185,-1901,32.1,13.7,13.6250038,16.3414002,25.2991943,10.2819734,65.2770088,12.8246286,259538700,6172.14507,1.114795058
North Macedonia,Europe & Central Asia,25220,2065092,-0.35957882,82.178073,97.8,75.6931707,9.2,12.4,5.2,58.786,41.214,16.2029991,92.29897,81.40554,100,39.7101507,50.03965107,3.230749121,41.6666667,66.3,0.61,-486,50.6,1.54104252,16,7.25409985,7.24932777,22.3548656,56.8541972,3.540166,13825049832,6694.64113,3.964264171
Mali,Sub-Saharan Africa,1220190,21904983,3.157964369,17.3940452,3.76,58.633,41.995,9.529,58.8,44.677,55.323,7.71999979,119.2779,27.4,50.56141663,10.8966636,33.76605283,3.925602831,27.2727273,4.72,0.353,-22236,45.7,2.82194831,4.4014802,3.89389849,35.6904172,20.6055482,35.3905343,5.70921644,19140461606,873.794862,3.052613569
Malta,Middle East & North Africa,320,518536,0.619810316,1610.4125,94.94,82.6536585,8.6,7.9,5.6,94.81,5.19,3.49900007,122.8511,87.46977,100,1.4375,32.4375,1.497892179,13.4328358,95.28,0.76894957,10408,54.3,0.51366003,5.86999989,8.21444321,0.41140771,12.8169849,77.69203,1.63756116,17364044944,33486.672,10.2977636
Myanmar,East Asia & Pacific,652670,53798084,0.699278204,81.8533072,89.07,66.797,17.363,8.819,35,31.448,68.552,2.1730001,147.0304,35.1,70.39719391,43.734031,19.93043958,3.64,15.2941176,6.13,0.52818006,-35382,38.7,3.33493983,2.2,4.67856407,23.4388645,35.0461842,41.5149513,2.85005082,65091751273,1209.92694,-17.9129448
Montenegro,Europe & Central Asia,13450,619211,-0.33776272,46.1937546,98.98,75.9317073,11.4,11.7,2,67.826,32.174,18.4869995,178.3958,82.2197,100,61.4869888,19.17843866,2.410801984,24.691358,54.72,0.63,-101,77.5,1.74294562,4.1,8.32983208,6.46148344,14.8354953,59.8617873,13.5396037,5861268039,9465.704,12.43435899
Mongolia,East Asia & Pacific,1557506.8,3347782,1.609371036,2.11513362,99.18327,72.141,22.405,5.475,13.2,68.785,31.215,7.08199978,140.0122,84.32603,98.09999847,9.09965849,72.35894359,7.352812434,17.1052632,86.79,0.63777161,0,73.93678352,0.65543304,4.65991211,3.76607823,13.1631742,37.0755721,39.6449079,4.12254258,15286441818,4566.14015,1.636769576
Northern Mariana Islands,East Asia & Pacific,460,49481,-0.21399451,107.797826,97,77.1,13.66,5.28,9.61,91.89,8.11,11.2,63.4,63.4,100,52.9565217,1.173913043,-0.8,10,79.3,0.58418787,-431,36.2,0,4.07,18.5,1.5,24.4,74.1,15.9,1182000000,21100,-26.2
Mozambique,Sub-Saharan Africa,786380,32077072,2.842112349,39.6478026,63.42,61.172,36.974,8.004,52.8,37.628,62.372,3.98200011,49.59621,16.5,30.60383224,46.7251965,52.66389277,5.688486991,42.4,17.92,0.68141961,-9515,102.8841652,1.51119001,6.26059008,7.83351135,27.4953775,21.9041928,40.0814648,2.87747361,15776758633,491.839113,2.363988418
Mauritania,Sub-Saharan Africa,1030700,4614974,2.553910771,4.36461046,66.96,64.532,33.427,7.466,49,56.133,43.867,11.4630003,141.1137,40.8,47.34841919,0.30348307,38.47967401,3.565164847,20.2614379,37.26,0.37955275,-1494,97.9,2.3781622,1.88116002,3.30329728,18.5787114,32.8972755,40.3890029,2.00660701,9996249658,2166.0468,2.445368273
Mauritius,Sub-Saharan Africa,2030,1266060,0.025278458,623.517241,92.15,74.1770732,10.6,8.7,14.8,40.775,59.225,7.41400003,151.7651,64.8849,99.66165161,19.0985222,42.36453202,4.028528882,20,94.34,0.5763905,-478,70.6,0.16955766,4.87728024,6.19943714,3.2650259,18.2884307,66.874779,2.36337572,11529042672,9106.2372,3.703611124
Malawi,Sub-Saharan Africa,94280,19889742,2.611417766,205.526739,67.31,63.717,33.233,6.706,29,17.695,82.305,7.02099991,60.03162,17.8,14.86676884,23.7770471,59.92787442,9.3,22.9166667,54.72,0.37744519,-1775,60.8,0.94896964,2.90761995,7.39341164,22.7301499,18.3794312,52.4351998,2.05006258,12626717492,634.83566,2.751416408
Malaysia,East Asia & Pacific,328550,33573874,1.119853991,101.050047,95.71,75.938,15.417,5.311,7.4,77.696,22.304,4.60900021,140.5906,96.75143,100,58.1769594,26.08735352,2.477102415,14.8648649,59.43,0.42011079,46165,62.02818821,1.05799366,3.91697001,3.82514191,9.58817683,37.7586756,51.5516652,0.41965907,3.72981E+11,11109.2618,3.09215965
Namibia,Sub-Saharan Africa,823290,2530151,1.63585889,3.02335508,92.25,62.829,27.876,8.475,30.1,53.005,46.995,21.6779995,116.4327,41,56.2586937,8.06386571,47.14013288,3.616905301,44.2307692,80.19,0.41987261,-4301,61.2,3.00171992,9.64048958,8.49700546,9.48362088,25.2930959,58.3316687,0.3775879,12310595844,4865.55776,2.65605082
New Caledonia,East Asia & Pacific,18280,271030,-0.03688948,14.8320569,96.93,80.8349512,14.611,5.008,10.584,71.925,28.075,16.5720005,90.78117,82,100,45.8435449,10.06728665,0.7,42.6,37.06,0.3627021,-1182,25.2,0,6.1,6.7,1.2,32.2,66.6,6.58216042,10071351960,37159.5468,-4.2
Niger,Sub-Saharan Africa,1266700,25252722,3.707423785,19.2102621,37.34,61.451,45.588,8.281,45.6,16.751,83.249,0.75099999,58.5157,13.6,19.25190926,0.85237231,36.78613721,3.837868028,25.9036145,11.32,0.54617661,-4405,49.7,1.8416716,3.83761001,5.6686306,36.4810266,20.834282,37.0537193,3.79028746,14915001427,590.629455,1.387129177
Nigeria,Sub-Saharan Africa,910770,213401323,2.406363381,228.737667,77.62,52.887,37.467,12.997,72.2,52.746,47.254,9.78800011,98.03256,35.5,55.40000153,23.7457865,76.25421347,16.95284572,3.61111111,9.91,0.365,-76364,32.4,0.9702492,5.1402,3.02666044,23.3570588,31.407534,43.7883919,4.41967281,4.40834E+11,2065.74907,3.647186541
Nicaragua,Latin America & Caribbean,120340,6850540,1.39120242,56.1400615,82.82,71.795,20.903,5.703,13.8,59.277,40.723,5.95699978,90.99814,45.2,88.90737915,28.3158551,42.08908094,4.928413969,50.5494505,46.23,0.57,-10384,60.4,0.60358162,4.63000011,8.4039259,15.4845674,27.1899069,46.3157297,15.3492943,14013022092,2045.5354,10.3443407
Netherlands,Europe & Central Asia,33670,17533044,0.523490508,518.013068,100,81.4097561,9.7,9.7,3.6,92.572,7.428,4.01000023,125.0622,92.05298,100,10.974161,53.88921889,2.675720088,39.3333333,95.28,0.67660636,57439,57.6,1.4224507,5.30000019,10.130311,1.54690339,18.059195,69.4414472,0.23404093,1.01285E+12,57767.8788,4.863219149
Norway,Europe & Central Asia,364285,5408320,0.534772282,14.7672152,100,83.2097561,9.8,7.5,1.8,83.323,16.677,4.98500013,108.2855,99,100,33.4353597,2.70656766,3.483880553,44.9704142,97.17,0.30652085,10604,39.6,1.84135525,5.9000001,10.5213471,1.61354186,35.5366232,52.5017854,0.13932387,4.82175E+11,89154.2761,3.880936036
Nepal,South Asia,143350,30034989,2.311723712,204.734057,71.15,69.246,20.64,7.209,23.6,21.008,78.992,5.05200005,130.2037,37.7,89.90000153,41.590722,28.74782002,4.087910459,32.7272727,49.53,0.4984544,296541,39.04856313,1.33699189,4.18310118,4.44515085,21.3198897,11.7225156,52.5839519,22.6054647,36288830373,1208.21853,4.246940141
Nauru,East Asia & Pacific,20,12511,1.579022576,615.75,96.5,67.62,21.49,6.24,23.8,100,0,18,81.20179,62.4,100,0,20,1.2,10.5263158,90.9,0.4694,-66,38.2,0,7.09169531,9.78171635,6.9,0.7,92.4,1.7,133218896.9,10648.1414,1.5
New Zealand,East Asia & Pacific,263310,5122600,0.634500014,19.3315863,99,82.0560976,11.32,6.41,3.9,86.789,13.211,4.12400007,123.2135,91.5,100,37.5701265,38.56291064,3.941120608,49.1666667,99.53,0.66498733,38220,46.32825942,1.37098066,5.98000002,9.74117661,5.7,25.3,68.9,0.00679308,2.49886E+11,48781.0266,3.71401012
Oman,Middle East & North Africa,309500,4520471,-0.50592184,14.6798029,95.65,74.757,18.791,3.025,9.5,87.044,12.956,3.12199998,140.0686,95.23229,100,0.00807754,4.713828756,1.546637056,2.3255814,78.77,0.79535711,-20664,80.8,7.34438377,12.42,4.07190228,2.12077976,50.6336807,50.5264141,0.05139246,88191977373,19509.4665,3.092276687
Pakistan,South Asia,770880,231402117,1.834062082,294.723875,62.3,66.269,27.967,7.06,54.2,37.44,62.56,4.35200024,81.55131,25,75.37969208,4.83330739,47.63776463,9.496210561,20.1754386,10.85,0.49,-471395,87.3,3.8332741,2.37757301,3.37992716,22.6737525,18.7961882,52.1098013,8.99091805,3.48263E+11,1505.01019,6.487086774
Panama,Latin America & Caribbean,74180,4351267,1.315615015,57.8915611,95.74,76.657,17.919,5.747,12.3,68.775,31.225,12.0880003,142.2455,64.25,96.70463562,56.805608,29.30843893,1.630703373,22.5352113,68.4,0.63277906,5473,53.4,0.9,3.90606999,7.58405781,2.59884821,27.6820016,66.0054354,0.89251451,63605100000,14617.6045,15.33587393
Peru,Latin America & Caribbean,1280000,33715471,1.225660252,26.0193406,94.5,73.665,17.833,7.327,10,78.5,21.5,4.83300018,127.9217,71.10783,99.31181335,56.5081016,19.12366406,4.271663815,40,46.7,0.57,68012,34.66897903,1.11515649,3.98178005,5.21506882,6.97022654,35.0427429,49.21359,1.60882372,2.23249E+11,6621.57434,13.34950908
Philippines,East Asia & Pacific,298170,113880328,1.494557167,376.265141,99.27,72.119,22.039,5.566,20.9,47.684,52.316,2.4059999,143.4359,49.8,96.84238434,24.1090318,42.50930677,3.927180221,27.9605263,26.89,0.56,-80125,54.5,1.03784746,3.73481059,4.07676649,10.0684567,28.8863804,61.0451628,9.30895181,3.94086E+11,3460.53096,5.703155968
Palau,East Asia & Pacific,460,18024,0.288921192,39.0695652,99.52,66,11,7.6,15.7,81.483,18.517,1.7,133.5411,37.2,100,90.0217391,9.347826087,2.612481858,6.25,99.53,0.29978278,3,20.4,1.5,12.7,15.1504889,3.85674931,12.0752984,73.2323232,0.86394108,217800000,12083.8881,-13.3333333
Papua New Guinea,East Asia & Pacific,452860,9949437,2.02856054,21.5290377,61.6,65.787,25.996,6.402,35.2,13.456,86.544,2.75200009,49.41721,15.2,60.40000153,79.1762576,2.627743674,4.48359014,0,39.62,0.43186805,10695,48.68010121,0.37526141,1.35000002,2.30036092,22.5,36.6,40.9,0.00838635,26594305746,2672.94579,0.3
Poland,Europe & Central Asia,306130,37747124,-0.40172862,123.800575,99.8,76.6,9.4,12.6,3.7,60.075,39.925,3.36800003,132.059,85.37491,100,30.9770359,47.23810146,5.055027047,28.3224401,77.36,0.60931098,-2968,51.6,2.12041438,5.19000006,6.44682503,2.223977,27.8649196,56.9000224,1.04953333,6.79445E+11,17999.9099,6.847713362
Puerto Rico,Latin America & Caribbean,8870,3263584,-0.54862369,369.959188,92.4,78.041,5.6,9.6,5.02,93.592,6.408,8.27099991,112.443,77.7,100,55.9560316,18.92897407,2.4,30.8,79.72,0.61,-7408,72.8,0,3.60358071,8.8,0.66744457,50.9063071,48.9367355,2.5,1.06526E+11,32640.7103,0.207432829
"Korea, Dem. People's Rep.",East Asia & Pacific,120410,25971909,0.40294521,214.828229,100,73.274,13.333,9.078,11.6,62.642,37.358,2.59200001,23.19516,0.1,52.31354523,50.0796445,21.50984138,551.36,17.6128093,38.7,0.45431453,-1589,9.7,22.4,3.9,3.1,18.2,44.8,37,0,1970000000,595.66,-4.5
Portugal,Europe & Central Asia,91605.6,10325147,0.272191902,112.406676,96.78,80.9756098,8.2,12,2.7,66.849,33.151,6.64699984,121.2443,82.30903,100,36.1549949,42.27667195,1.265657191,40,95.28,0.53112066,27295,126.1,2.07275736,5.01000023,9.53145981,2.19043252,19.6594531,64.7492393,0.30614114,2.53663E+11,24567.5093,5.482391708
Paraguay,Latin America & Caribbean,397300,6703799,1.277616002,16.659187,94.54455,73.182,20.946,5.916,16.2,62.496,37.504,7.20599985,118.9635,77.01839,100,40.5292223,42.30843192,4.787983101,16.25,57.08,0.60348773,-8230,24.8,0.97395984,3.3036201,7.17281008,9.86860276,34.6414359,48.4718996,1.48215635,39495431574,5891.49997,4.102413415
West Bank and Gaza,Middle East & North Africa,6020,4922749,2.457038653,797.885216,97.51446,74.403,28.8,3.489,14.2,77.003,22.997,24.9029999,79.63153,74.6,100,1.68438538,73.90365449,1.237481028,20.9,28,0.51680994,-12369,35.6,11.8,4.4,7.3,3.8,13.6,82.6,18.8135639,18036800000,3663.96905,7.050450938
French Polynesia,East Asia & Pacific,3471,304032,0.69708774,86.9835782,98,82.217,12.924,3.859,5.839,62.066,37.934,14.3909998,110.9565,72.7,100,43.059637,13.68481706,0.46,15.6,96.7,0.3898347,-378,45.2,0,5.1,12.8,1.2,19.9,79,10.1859718,6054676735,19914.6035,1.024255604
Qatar,Middle East & North Africa,11490,2688235,-2.64853183,240.242385,93.46,79.099,10.895,1.219,4.9,99.278,0.722,0.25799999,144.2024,99.65285,100,0,6.440382942,2.304465657,4.44444444,95.28,0.38417658,-30801,47.1,4.80681142,3.23367,2.9106288,0.29828525,60.0023648,44.7520466,0.47796334,1.79677E+11,66838.3574,1.590756954
Romania,Europe & Central Asia,230080,19119880,-0.75743234,83.7328321,98.9,74.3536585,9.2,15.4,5.6,54.329,45.671,5.16900015,118.6276,83.59043,100,30.1158293,59.070758,5.052328761,18.5410334,79.72,0.63138711,-12724,57.10849327,1.95392292,3.69000006,5.74447823,4.34970145,27.7837572,58.1999308,3.22426854,2.84088E+11,14858.2294,5.100128197
Russian Federation,Europe & Central Asia,16376870,143449286,-0.43395153,8.79735499,99.7,71.3387805,9.8,14.6,4.4,74.934,25.066,5.01000023,168.9847,88.21385,100,49.7843361,13.15843626,6.69445892,16.2222222,70.5,0.59876025,320617,23.04934927,4.0800662,3.73000002,5.64849138,3.79659233,33.1589971,52.9098832,0.54233271,1.77878E+12,12194.7773,4.7495841
Rwanda,Sub-Saharan Africa,24670,13461888,2.371751548,532.88861,75.9,66.774,30.309,5.998,30.3,17.568,82.432,1.60699999,80.99153,23.8,46.59999847,11.1876773,73.43737333,-0.39134675,61.25,63.68,0.70176435,-6112,51.9,1.54532442,3.82155991,6.41066742,24.0620959,20.3411708,47.7610938,2.2,11070356519,822.347989,10.88451916
Saudi Arabia,Middle East & North Africa,2149690,35950396,-0.12984747,16.7452549,97.58507,76.239,18.238,2.913,6,84.508,15.492,7.3579998,126.3611,100,100,0.45448413,80.75393052,3.063289889,19.8675497,39.15,0.53334183,-153883,33.4,6.59447588,7.80930996,5.68828773,2.31147409,45.5220555,46.693746,0.03538089,8.33541E+11,23185.8708,3.240929768
Sudan,Sub-Saharan Africa,1868000,45657202,2.70104594,23.7904101,60.7,65.614,34.226,6.67,39.9,35.593,64.407,19.8050003,79.19627,28.4,55.38970184,9.82845289,37.1551606,382.8159983,26.8,8.49,0.37,-15223,208.9,1.01644712,11.21,4.57356596,6.35709213,7.36874367,9.68548551,1.83230086,34326058557,751.82135,-1.86852021
Senegal,Sub-Saharan Africa,192530,16876720,2.645380545,85.3691373,56.3,68.006,33.034,5.584,28.9,48.6,51.4,3.72300005,117.6768,42.6,70.36894226,41.9059887,46.11229419,2.18,43.030303,53.3,0.398821,-10091,61.3,1.75791379,5.49785995,4.13226938,15.3236803,24.6658356,49.5970226,10.459654,27625388352,1636.89321,6.064495968
Singapore,East Asia & Pacific,718,5453566,-4.1703363,7918.95125,97.13185,83.7439024,8.5,5.2,1.8,100,0,3.62400007,145.777,92.00435,100,21.6852368,0.919220056,2.30485959,29.8076923,99.53,0.880729,19321,153.4112539,2.97823131,2.80646229,4.08152914,0.03358008,24.9029768,69.4488011,2.8,3.96987E+11,72794.003,7.613962615
Solomon Islands,East Asia & Pacific,27990,707851,2.3817423,24.6942122,76.6,70.199,30.223,5.082,16.6,25.128,74.872,1.02900004,68.57738,28.6,73.34648132,90.1382637,4.180064309,-0.11543789,8,77.36,0.68996453,-808,11.46390032,1.3,12.75,4.77362394,28.4,10.4,61.2,3.12792429,1631486532,2304.84457,-0.20244866
Sierra Leone,Sub-Saharan Africa,72180,8420641,2.241767371,114.075506,47.7,59.763,31.914,9.296,80.1,43.372,56.628,5.33300018,97.70151,18,26.20088577,35.1188695,54.71044611,11.87395888,12.3287671,53.77,0.45465854,-1544,66.5,0.60906585,9.08673954,8.74976635,57.4487905,5.9337035,32.3250247,4.35686341,4042237864,480.039211,4.104700089
El Salvador,Latin America & Caribbean,20720,6314167,0.340068122,303.703234,89.98453,71.061,16.188,8.442,11.1,74.118,25.882,5.94000006,175.337,54.60137,100,28.1795367,57.70752896,3.466925853,27.3809524,53.3,0.54842168,-27343,71.41060016,1.37490203,4.07082844,7.16578436,4.91712061,24.0477935,59.8714059,26.0586874,28736940000,4551.18466,10.27847612
San Marino,Europe & Central Asia,60,33745,-0.77341276,566.783333,98,83.68,6.4,9.9,1.6,97.62,2.38,6.74,118.5326,60.2,100,16.6666667,38.33333333,2.1,33.3333333,97.17,0.56733173,41,98.34762147,1.4,3.42461991,6.39008522,0.4,39.3,60.3,1.8,1541204338,65446,-14.5
Somalia,Sub-Saharan Africa,627340,17065581,3.146236588,26.3605318,37.8,55.967,44.007,11.39,72.7,46.731,53.269,19.8649998,53.48002,12.1,49.73086929,9.53231103,70.33665955,7.7,24.3636364,3.3,0.37278441,-17071,80.5,2.2,4.36,2.9,70.6,2.9,26.6,25.2070318,7628000011,446.98156,4.049110488
Serbia,Europe & Central Asia,87460,6834326,-0.94368817,78.8832152,99.48,74.2292683,8.9,16.9,4.9,56.651,43.349,11.8070002,123.7206,81.16588,100,31.130231,40.06402927,4.085102853,39.2,54.25,0.42545339,243,57.3,2.08650053,4.8,8.67206478,6.29298408,24.9983808,51.3880208,7.28850672,63082047650,9230.17832,7.549912535
South Sudan,Sub-Saharan Africa,631930,10748272,1.3303716,16.7838637,34.52,55.48,29.166,10.759,63.3,20.514,79.486,13.915,12.6718,6.5,7.241338253,11.3256215,44.70590097,10.51671583,32.3636364,5.66,0.46689311,-31885,52.2,2.36821502,11.21,6.04213858,31.9,20.6,47.5,7.6,12000000000,305.08,1.9
Sao Tome and Principe,Sub-Saharan Africa,960,223107,2.022036167,227.751042,93.8,67.785,28.435,6.294,12.7,75.073,24.927,15.9090004,84.81984,33,76.55908966,54.0625,45.83333333,8.14,23.6363636,85.85,0.43,-792,90.5,0.4,5.0113802,5.52976227,13.9478625,11.8590136,72.2455546,2.01109188,526653790.7,2360.54355,1.877923038
Suriname,Latin America & Caribbean,156000,612985,0.970459647,3.89144231,95,72.561,18.279,7.036,15.7,66.219,33.781,10.0649996,148.1454,70.06,98.20477295,97.4121154,0.538461538,59.11170965,29.4117647,71.7,0.58,-492,94.5,1.3,5.00707006,9.7369957,9.18849363,36.742578,51.7435373,4.94575008,2984706244,4869.13423,-2.72961883
Slovak Republic,Europe & Central Asia,48080,5447247,-0.21235881,113.536335,99.62,76.8658537,10.4,10.8,4.7,53.82,46.18,6.73999977,135.1475,89.92091,100,40.0561564,39.16389351,3.149606299,22.6666667,81,0.7046982,1746,77.36130426,1.7058158,4.61000013,6.9586463,1.74371297,28.1894993,59.1368251,1.91841794,1.16527E+11,21391.9253,3.014302861
Slovenia,Europe & Central Asia,20136.4,2108079,0.26885197,104.408881,99.7,80.5317073,8.9,11.4,1.8,55.427,44.573,4.42299986,123.0186,89.004,100,61.4722592,30.31773306,1.917065061,26.6666667,92.45,0.78,4568,82.8,1.21807579,5.76000023,8.52386475,1.68943045,28.4817492,57.7080002,1.21022537,61748586535,29291.4006,8.211062592
Sweden,Europe & Central Asia,407283.532,10415811,0.600591533,25.4207234,99,82.4073171,10.9,9.5,2.1,88.238,11.762,8.66100025,123.3665,94.53943,100,68.6990703,7.379478334,2.163197364,46.991404,96.23,0.8452699,80097,43.99518273,1.27684982,7.17000008,10.8674927,1.29001123,22.6428163,64.8102017,0.52487003,6.35664E+11,61028.7381,5.075084725
Eswatini,Sub-Saharan Africa,17200,1192271,0.979052258,68.6427326,89.28,59.692,24.615,9.603,37.4,24.369,75.631,25.7560005,105.2805,47,79.73049927,28.927907,71.04651163,5.23,9.5890411,57.08,0.42,-4897,34.4,1.69802363,4.99529982,6.78069067,8.13859269,32.3415195,53.960943,2.78639861,4743335153,3978.40353,7.883306402
Sint Maarten (Dutch part),Latin America & Caribbean,34,42846,1.258882706,1244.41176,98,73.2,12.75,4.2,14.6,100,0,12,0,68.6,100,10.8823529,22,3.2,0,93,0.6342736,212,70.6,0,7.8,11.77,0.4,18.3,81.3,1.6,1185000000,33276.94,-16.3
Seychelles,Sub-Saharan Africa,460,99258,0.805183391,214.047826,96.2,77.2365854,15.8,6.8,12,57.972,42.028,3,173.8823,79,100,73.2608696,3.369565217,10.7,22.8571429,92.92,0.68,146,63.1,1.46860584,5.15073013,5.1902914,2.14019538,13.00276,67.1935176,0.79128594,1454458184,14653.3094,7.86188242
Syrian Arab Republic,Middle East & North Africa,183630,21324367,2.621583957,113.122012,86.41,72.14,19.67,4.99,18.4,56.124,43.876,10.573,80.20304,35.78,89.14031982,2.84310842,75.81005282,139,11.2,28.4,0.42,212187,105.5,4.5,2.4,2.95,18.1,19.2,62.7,1.5,11079795397,348.21,-6.3
Turks and Caicos Islands,Latin America & Caribbean,950,45114,1.87498501,46.6063158,98,75.001,12.685,8.823,8.69,93.834,6.166,7.8,115.2,37.8,99.40000153,11.0736842,1.052631579,3.14,20,93.5,0.57,682,30.1,0,4.49429989,4.4,0.43125519,16.3868068,74.3730161,0.80922102,943269800,20908.5827,2.099997677
Chad,Sub-Saharan Africa,1259200,17179740,3.163887505,13.2184728,26.76,52.777,43.849,12.486,67.4,23.781,76.219,1.88199997,52.19169,10.4,11.08011723,3.4251906,39.89675985,-0.77284437,32.2580645,16.98,0.31,9016,47.7,2.79413804,2.88812995,4.3536315,53.9885732,10.9004432,35.6598604,0,11779980802,685.690284,-1.19999052
Togo,Sub-Saharan Africa,54390,8644829,2.367338962,155.223019,66.54,61.035,32.302,8.417,44.4,43.358,56.642,4.00400019,77.18624,24,53.99743271,22.2333149,70.2334988,2.7,18.6813187,31.6,0.4,-995,72.4,1.7837304,3.99125004,5.72606897,19.2784379,22.1565541,49.2628036,8.58636014,8413200568,973.206129,5.260594925
Thailand,East Asia & Pacific,510890,71601103,0.175345075,139.904214,94.1,79.274,9.182,7.264,7.4,52.163,47.837,1.41799998,168.7823,85.2696,100,38.8987845,45.0390495,1.230395413,15.7464213,41.98,0.66,1133,50.4013058,1.31844275,3.14571095,3.78912091,8.53176942,34.7786435,56.6895871,1.79176691,5.05947E+11,7066.19055,1.533835584
Tajikistan,Europe & Central Asia,138790,9750064,2.14442566,68.7600476,99.8,67.994,27.53,6.121,28.4,27.726,72.274,7.75400019,121.3848,34.9,99.77929688,3.05353412,35.42041934,8.97,23.8095238,41.04,0.43,-3564,49.3,1.00921283,5.9171629,7.10529375,22.5,22.2,55.2,33.4052447,8746270636,897.04751,9.200190431
Turkmenistan,Europe & Central Asia,469930,6341855,1.451977111,13.3007852,99.7,68.687,22.294,6.836,36.1,52.998,47.002,5.08099985,150.0215,33.2,100,8.78215904,72.00646905,14.95,25,49.06,0.52,-4503,60.6,1.9,3.9,6.56862497,8.8,37.4,53.8,1.1,45230000000,7687.92,-2.3
Timor-Leste,East Asia & Pacific,14870,1320942,1.598470014,87.4240081,69.9,68.475,25.258,6.831,36.5,31.695,68.305,5.07399988,105.9939,29.1,96.1233139,61.9435104,22.95897781,3.78,38.4615385,44,0.4,-1997,32.4,1.14158071,4.15306187,7.15850592,8.63773919,62.2529566,30.5262911,7.20260405,3621222382,2741.39393,5.29144192
Tonga,East Asia & Pacific,720,106017,0.722298202,146.186111,99.4,70.928,23.139,6.946,9.8,23.104,76.896,3.96799994,60.67706,41.3,100,12.4305556,48.61111111,5.640511406,0,97.17,0.57,-948,47.6,0.9,6.60617733,4.98149967,16.3232485,15.922729,49.6599187,45.4987925,469231309.5,4426.00064,-2.66750618
Trinidad and Tobago,Latin America & Caribbean,5130,1525663,0.493855745,295.935088,98.7,74.406,11.946,7.9,14.8,53.265,46.735,4.80499983,130.9488,77.3,100,44.4814815,10.52631579,2.059227469,26.1904762,62.74,0.63,2632,78.1,0.88801608,4.10374022,7.02007389,0.96337939,42.2306514,54.0233174,0.95439147,24460196271,16032.5028,-1.02654016
Tunisia,Middle East & North Africa,155360,12262946,0.82886347,78.2809153,82.7,75.292,16.628,6.752,14.3,69.888,30.112,16.8239994,127.5767,71.9,100,4.52323635,62.63516993,5.706350208,26.2672811,34.91,0.53,-9189,89.2,2.82897749,12.8,6.95845938,10.1385724,23.1173462,60.1382275,5.5653343,46686741814,3807.13915,4.322776357
Turkiye,Europe & Central Asia,769630,84775404,0.757771488,109.31932,96.74,75.85,15.033,6.378,8.1,76.569,23.431,13.3859997,101.7852,81.40844,100,28.8714837,49.06513519,19.59649269,17.3333333,20.28,0.57,-69729,41.97025987,2.06389646,3.3599999,4.34409809,5.54307699,31.1137138,52.7538952,0.08607689,8.19035E+11,9661.23598,11.35349641
Tuvalu,East Asia & Pacific,30,11204,1.212244899,368.966667,99,64.382,23.632,10.188,18.7,64.785,35.215,8.5,81.30816,49.3,99.68923187,33.3333333,60,2.9,6.25,99.53,0.4739,-15,19.3,0,12.7,23.961813,15.9,16.2,67.9,0,63100961.54,5632.00299,2.985074627
Tanzania,Sub-Saharan Africa,885800,63588334,3.007287233,69.65965,81.8,66.408,36.651,6.179,34.7,35.954,64.046,2.64899993,84.99104,22,39.90000153,51.642583,44.61639196,3.690919588,36.8556701,46.23,0.3864,-4865,23.2,1.06742735,3.29779005,3.82769322,25.8856533,29.2789742,34.3405817,0.52261216,67841049193,1099.2876,4.279084542
Uganda,Sub-Saharan Africa,200520,45853778,3.211427904,221.447292,79,62.851,37.252,5.852,31.9,25.553,74.447,2.93600011,65.70386,6.1,42.07441711,11.6591861,71.88809096,2.204572048,33.8129496,29.72,0.3791,43465,44.18591431,2.42385397,2.66505003,3.82522416,23.8418038,27.1494417,41.8463858,2.82418112,40529789026,883.892032,3.536580341
Ukraine,Europe & Central Asia,579400,43792855,-0.7715577,76.1685347,1,71.185122,7.8,15.9,6.9,69.757,30.243,8.87899971,135.0257,75.03791,100,16.7241974,71.2996203,9.363139177,20.8037825,21.7,0.6702,831,58.71618507,3.22834694,5.38231993,7.09860182,10.6330457,23.4617573,51.8389896,9.02613962,2.00086E+11,4835.57178,3.4
Uruguay,Latin America & Caribbean,175020,3426260,-0.08244661,19.592538,98.77,78.43,10.339,9.432,5.3,95.603,4.397,10.4469995,136.9212,86.1,100,11.6043881,80.3531025,7.747914023,24.2424242,96.7,0.6863,-1486,60.39983256,2.25630654,4.55207014,9.34783173,6.90679365,18.8659515,62.0474514,0.21195972,59319484711,17313.1883,4.367009316
United States,North America,9147420,331893745,0.118380497,36.2398447,79,77.2804878,10.9,10.3,5.4,82.873,17.127,5.46400023,107.3055,90.9,100,33.8669264,44.36336735,4.697858864,27.6497696,56.13,0.7261,561580,126.3904957,3.48321576,6.05000019,16.7670631,0.95956666,17.8846534,77.5992103,0.02959029,2.33151E+13,70248.629,5.945484761
Uzbekistan,Europe & Central Asia,440650,34915100,1.975706066,77.6853512,100,70.331,24.6,5.1,12.5,50.427,49.573,7.16099977,102.8976,71.1,100,8.37322138,58.28321797,10.84923975,32.6530612,50.94,0.6363,-39201,18.9,1.6,4.92279005,5.61760426,24.9825173,32.0463959,35.7338355,13.2837553,69238903106,1983.06472,7.420110242
St. Vincent and the Grenadines,Latin America & Caribbean,390,104332,-0.28713099,268.287179,95.63,72.126,13.071,11.038,12.9,53.452,46.548,21.618,110.1215,36.8,100,73.1794872,17.94871795,1.572729325,18.1818182,84.8,0.6104,-379,76.5,1.6,6.2,4.75291252,6.91441295,13.7314282,62.7294693,9.49606677,904181492.8,8666.38704,1.352114255
"Venezuela, RB",Latin America & Caribbean,882050,28199867,-1.02517871,32.3002698,97.5,71.095,16.213,7.575,21.1,88.325,11.675,6.41300011,58.97643,72,100,52.4130151,24.37503543,210,22.1556886,47.5,0.5099,-525116,76.6,0.3,2.2,5.36708355,3.3,27.7,69,1.3,66770000000,1328.33,-35
British Virgin Islands,Latin America & Caribbean,150,31122,0.683520845,206.066667,97.8,75.849,7.448,6.38,11.58,48.92,51.08,2.87,113.7593,78.3,100,24.1333333,46.66666667,2.25,0,94.2,0.65,128,36.6,0,2.59050012,9.9,1.8,12.3,85.9,2.2,4200000000,39919.1,14.5
Virgin Islands (U.S.),Latin America & Caribbean,350,105870,-0.39592812,303.685714,90,79.8195122,12.1,8.4,7.81,96.04,3.96,13.2650003,79.64796,64.4,100,56.8857143,9.428571429,7.3,0,77.5,0.7,-224,54.8,0,4.89,18.1,0.4,19.4,80.2,9.9,4204000000,43819.4,-12.4
Vietnam,East Asia & Pacific,313429,97468029,0.844181677,308.359102,97.75,75.378,15.4,6.169,16.7,38.052,61.948,2.16599989,143.7522,74.21,100,46.7190018,39.43476832,1.834715548,30.260521,53.77,0.69,-992,54.4,2.4,4.11161661,5.24965572,12.5603635,37.4762358,41.2078682,4.96226729,3.66138E+11,3756.48912,2.561551142
Vanuatu,East Asia & Pacific,12190,319137,2.362741525,25.5689089,89.1,70.299,29.939,5.487,21.1,25.665,74.335,2.18000007,79.00027,40,67.33326721,36.2838392,15.34044299,2.343283582,0,94.34,0.48,-197,49.1,0.2,2.24232006,3.36034679,18.2,10.7,71.1,10.9215723,956332655.7,2996.62106,0.449256481
Samoa,East Asia & Pacific,2780,218764,1.768578216,77.3125899,99.1,72.768,27.622,5.305,14.6,17.742,82.258,9.83699989,32.10362,33.6,100,58.1546763,17.77338129,3.133204732,7.84313725,97.64,0.57,-882,53.7,1.7,4.80916023,6.36309385,9.8536431,11.1307204,69.7881776,29.4418636,843842416.5,3857.31846,-7.084588
Kosovo,Europe & Central Asia,10887,1786038,-0.22901599,159,91.9,76.567,11.181,7.505,29.51,41,59,20.7,103.6,91,100,100,53,3.353691392,8.4337,55.19,0.53,-15050,21.6,0.93985893,4.7,6.4581,6.92330553,27.449162,45.872133,17.9484403,9412034299,5269.7839,10.74561161
"Yemen, Rep.",Middle East & North Africa,527970,32981641,2.137789701,61.1475008,70.27,64.65,31.252,6.509,45.7,38.546,61.454,13.5740004,47.01393,26.7,73.75792694,1.03983181,44.41919048,45.7,0,27.7,0.38,-101468,83.3,4.8,2.97539,4.4934,15.9,25.7,58.4,1.5,21610000000,392.9,-6.7
South Africa,Sub-Saharan Africa,1213090,59392255,0.998920419,48.4728479,95.33,65.252,20.326,9.425,25.8,67.847,32.153,33.5589981,168.9244,70,84.38553619,14.0550907,79.41785028,4.611672178,46.5822785,33.49,0.56,10934,82.2,0.89725295,6.60466003,9.10935497,2.46760956,24.5038886,63.0181785,0.22114979,4.19015E+11,7055.04478,4.913096682
Zambia,Sub-Saharan Africa,743390,19473125,2.840805978,25.4613527,87.5,62.38,34.953,6.602,41.7,45.192,54.808,13.026,103.9746,19.8,44.5244751,60.2833371,32.06392338,22.02123429,15.060241,58.49,0.46,9015,103.6982424,1.30476527,3.70239997,5.31220293,3.39327659,42.5020771,49.8841578,1.09126061,22147634727,1137.34363,4.598734039
Zimbabwe,Sub-Saharan Africa,386850,15993524,2.045714878,40.5057929,89.7,61.124,31.009,8.132,37.9,32.303,67.697,5.17399979,89.14602,29.29857,52.74766922,45.0939124,41.87669639,98.54610509,31.8518519,24.06,0.46,-25005,63.3,0.01353007,6.2,7.70356494,8.84989925,28.8055863,56.63987,8.51727136,28371238666,1773.92041,8.468016898
